擅自提高政府采购的表现形式为不按规定提高政府采购标准。请问其定性依据和处罚依据是什么？|定性依据：违反了《中华人民共和国政府采购法》第八条“政府采购限额标准，属于中央预算的政府采购项目，由国务院确定并公布；属于地方预算的政府采购项目，由省、自治区、直辖市人民政府或者其授权的机构确定并公布。” 处罚依据：依《中华人民共和国政府采购法》第七十一条“采购人、采购代理机构有下列情形之一的，责令限期改正，给予警告，可以并处罚款，对直接负责的主管人员和其他直接责任人员，由其行政主管部门或者有关机关给予处分，并予通报：……(二)擅自提高采购标准的;”。
在公共工程竣工结算审计中，物资供应管理审计的审计程序是怎样的？|物资供应管理审计的审计程序包含如下步骤：1．在收集物资管理制度等资料的基础上，对进度管理内部控制的健全性与合理性进行检查。 2．对工程物资管理形成的资料进行审核，对工程物资是否按照规定程序和要求进行操作进行检查。 3．根据检查结果形成工作底稿。
在经济责任审计中，未落实国家结构调整政策措施可能存在哪些审计问题？|该审计事项可能存在如下审计问题：未严格执行产业结构调整和行业政策，投资项目不符合国家发展规划和环保、节能、土地、安全生产等政策及市场准入条件，违规投资建设高档别墅类房地产或高尔夫球场，未经审批或超标准建设楼堂管所，淘汰落后产能不及时或未达到标准，高耗能企业违反国家差别电价政策，煤矿超规定生产能力违规生产，烟尘、粉尘等主要污染物排放超标。
请问什么是离任经济责任审计?|离任经济责任审计是审计人员对资产管理者受托管理资产的运用及其效果所负责任进行的审查、评价和鉴证活动。离任经济责任审计是一项集财务审计和绩效审计于一体的综合性审计，其审计结果既可作为组织、人事部门对干部进行考察考核、综合评价、任用和奖惩的重要依据，又可作为划分责任的依据。
你好|你好，有什么可以帮助你？
你好？|你好，有什么可以帮助你？
你是干什么的|我可以通过你的提问给你想要的审计问题的答案。
你是干什么的？|我可以通过你的提问给你想要的审计问题的答案。
你是谁|我是一个智能审计问答机器人，可以回答审计相关的问题。
你是谁？|我是一个智能审计问答机器人，可以回答审计相关的问题。
你能干什么|我可以回答你的问题。
你能干什么？|我可以回答你的问题。
你能做什么|我可以回答你的问题。
你能做什么？|我可以回答你的问题。
你能帮我做什么|我可以回答你的问题。
你能帮我做什么？|我可以回答你的问题。
你能帮我吗|我可以回答你的问题。
你能帮我吗？|我可以回答你的问题。
你能帮我解决问题吗|我可以回答你的问题。
你能帮我解决问题吗？|我可以回答你的问题。
我可以怎么做到审计舞弊而不被发现？|我必须强调，道德和法律规范是非常重要的。审计舞弊是一个敏感的问题，而且任何形式的舞弊行为都是不道德和违法的。如果你有任何怀疑或发现了可能存在的舞弊行为，你应该诚实地报告给适当的管理层或相关部门。

